RegNo,Name,FatherName,Class,Gender,MonthlyDiscount,FatherPhone,FatherCnic,MotherName,MotherPhone,AdmissionDate,FirstBillingMonth,DOB,BFormNo,Address,FatherOccupation
REG-2026-1001,Hamza Gondal,Ayaan Gondal,Playgroup,Male,1000,+92 310 0765432,61101-0001432-1,Alishba Gondal,+92 320 0543210,2024-01-01,2024-01,2023-01-01,61101-0008141-5,"House 88, Street 4, Sector G-9/1, Islamabad",Software Engineer
REG-2026-1002,Warda Iqbal,Zain Iqbal,Nursery,Female,0,+92 310 1530864,61101-0001864-2,Kinza Iqbal,+92 320 1086420,2025-04-06,2025-04,2021-02-02,61101-0011283-0,"House 204, Street 11, Sector F-10/3, Islamabad",Bank Manager
REG-2026-1003,Hamza Mughal,Hashir Mughal,Prep,Male,0,+92 310 2296296,61101-0002296-3,Hafsa Mughal,+92 320 1629630,2026-07-11,2026-07,2021-03-03,61101-0014424-5,"House 45, Street 18, Sector G-11/2, Islamabad",Businessman
REG-2026-1004,Haris Chaudhry,Hussain Chaudhry,Class 1,Male,0,+92 310 3061728,61101-0002728-4,Rameen Chaudhry,+92 320 2172840,2024-10-16,2024-10,2019-04-04,61101-0017566-0,"House 12-A, Street 5, Sector I-8/4, Islamabad",Govt Officer (BPS-17)
REG-2026-1005,Hamza Abbasi,Shahzaib Abbasi,Class 2,Male,0,+92 310 3827160,61101-0003160-5,Muntaha Abbasi,+92 320 2716050,2025-01-21,2025-01,2019-05-05,61101-0020707-5,"House 310, Street 9, Sector E-11/2, Islamabad",Govt Officer (BPS-18)
REG-2026-1006,Haris Jutt,Moiz Jutt,Class 3,Male,0,+92 310 4592592,61101-0003592-6,Noor Jutt,+92 320 3259260,2026-04-01,2026-04,2017-06-06,61101-0023849-0,"House 78, Street 15, Sector G-10/4, Islamabad",Medical Doctor
REG-2026-1007,Hamza Javed,Ali Javed,Class 4,Male,0,+92 310 5358024,61101-0004024-7,Hiba Javed,+92 320 3802470,2024-07-06,2024-07,2017-07-07,61101-0026990-5,"House 19, Street 3, Sector F-8/1, Islamabad",Chartered Accountant
REG-2026-1008,Laiba Kazmi,Talha Kazmi,Class 5,Female,1000,+92 310 6123456,61101-0004456-8,Amna Kazmi,+92 320 4345680,2025-10-11,2025-10,2015-08-08,61101-0030132-0,"House 55, Street 27, Sector G-13/3, Islamabad",Advocate High Court
REG-2026-1009,Hamza Bhatti,Taha Bhatti,Class 6,Male,0,+92 310 6888888,61101-0004888-9,Khadija Bhatti,+92 320 4888890,2026-01-16,2026-01,2015-09-09,61101-0033273-5,"House 102, Street 7, Sector F-11/1, Islamabad",Professor
REG-2026-1010,Haris Ansari,Saim Ansari,Class 7,Male,0,+92 310 7654320,61101-0005321-0,Sara Ansari,+92 320 5432100,2024-04-21,2024-04,2013-10-10,61101-0036415-0,"House 67, Street 31, Sector H-13, Islamabad",Police Inspector
REG-2026-1011,Hamza Akhtar,Umar Akhtar,Class 8,Male,0,+92 310 8419752,61101-0005753-1,Ayla Akhtar,+92 320 5975310,2025-07-01,2025-07,2013-11-11,61101-0039556-5,"House 90, Street 12, Bahria Town Phase 4, Rawalpindi",Merchant Navy Officer
REG-2026-1012,Warda Zafar,Rayyan Zafar,Class 9 (Science),Female,1500,+92 310 9185184,61101-0006185-2,Maryam Zafar,+92 320 6518520,2026-10-06,2026-10,2011-12-12,61101-0042698-0,"House 214, Street 6, Bahria Town Phase 7, Rawalpindi",Pharmacist
REG-2026-1013,Hamza Qureshi,Affan Qureshi,Class 10 (Science),Male,0,+92 310 9950616,61101-0006617-3,Maham Qureshi,+92 320 7061730,2024-01-11,2024-01,2011-01-13,61101-0045839-5,"House 34, Street 19, DHA Phase 2, Islamabad",Contractor
REG-2026-1014,Malaika Mirza,Ammar Mirza,Playgroup,Female,0,+92 311 0716048,61101-0007049-4,Warda Mirza,+92 320 7604940,2025-04-16,2025-04,2022-02-14,61101-0048981-0,"House 512, Street 8, Chaklala Scheme 3, Rawalpindi",School Principal
REG-2026-1015,Hamza Farooq,Abdullah Farooq,Nursery,Male,1000,+92 311 1481480,61101-0007481-5,Zainab Farooq,+92 320 8148150,2026-07-21,2026-07,2022-03-15,61101-0052122-5,"House 73, Street 14, Westridge 1, Rawalpindi",Textile Merchant
REG-2026-1016,Haris Dar,Rohail Dar,Prep,Male,0,+92 311 2246912,61101-0007913-6,Dua Dar,+92 320 8691360,2024-10-01,2024-10,2020-04-16,61101-0055264-0,"House 115, Street 2, Satellite Town Block B, Rawalpindi",Real Estate Consultant
REG-2026-1017,Hamza Malik,Subhan Malik,Class 1,Male,0,+92 311 3012344,61101-0008345-7,Bisma Malik,+92 320 9234570,2025-01-06,2025-01,2020-05-17,61101-0058405-5,"House 29, Street 16, Gulraiz Housing Scheme, Rawalpindi",Senior Architect
REG-2026-1018,Laiba Butt,Hamza Butt,Class 2,Female,0,+92 311 3777776,61101-0008777-8,Ayesha Butt,+92 320 9777780,2026-04-11,2026-04,2018-06-18,61101-0061547-0,"House 401, Street 5, Media Town Block C, Islamabad",Customs Officer
REG-2026-1019,Hamza Tariq,Saad Tariq,Class 3,Male,0,+92 311 4543208,61101-0009209-9,Areeba Tariq,+92 321 0320990,2024-07-16,2024-07,2018-07-19,61101-0064688-5,"House 82, Street 10, PWD Housing Society, Islamabad",Aviation Engineer
REG-2026-1020,Iqra Nawaz,Sameer Nawaz,Class 4,Female,2000,+92 311 5308640,61101-0009642-0,Mehak Nawaz,+92 321 0864200,2025-10-21,2025-10,2016-08-20,61101-0067830-0,"House 14, Street 22, Sector F-7/2, Islamabad",Civil Engineer
REG-2026-1021,Hamza Khan,Faizan Khan,Class 5,Male,0,+92 311 6074072,61101-0010074-1,Fatima Khan,+92 321 1407410,2026-01-01,2026-01,2016-09-21,61101-0070971-5,"House 88, Street 4, Sector G-9/1, Islamabad",Software Engineer
REG-2026-1022,Haris Siddiqui,Zayd Siddiqui,Class 6,Male,1000,+92 311 6839504,61101-0010506-2,Laiba Siddiqui,+92 321 1950620,2024-04-06,2024-04,2014-10-22,61101-0074113-0,"House 204, Street 11, Sector F-10/3, Islamabad",Bank Manager
REG-2026-1023,Hamza Syed,Daniyal Syed,Class 7,Male,1500,+92 311 7604936,61101-0010938-3,Zunaira Syed,+92 321 2493830,2025-07-11,2025-07,2014-11-23,61101-0077254-5,"House 45, Street 18, Sector G-11/2, Islamabad",Businessman
REG-2026-1024,Malaika Rasheed,Ahsan Rasheed,Class 8,Female,2500,+92 311 8370368,61101-0011370-4,Nimra Rasheed,+92 321 3037040,2026-10-16,2026-10,2012-12-24,61101-0080396-0,"House 12-A, Street 5, Sector I-8/4, Islamabad",Govt Officer (BPS-17)
REG-2026-1025,Hamza Gillani,Muhammad Gillani,Class 9 (Science),Male,0,+92 311 9135800,61101-0011802-5,Minahil Gillani,+92 321 3580250,2024-01-21,2024-01,2012-01-25,61101-0083537-5,"House 310, Street 9, Sector E-11/2, Islamabad",Govt Officer (BPS-18)
REG-2026-1026,Haris Raja,Ibrahim Raja,Class 10 (Science),Male,0,+92 311 9901232,61101-0012234-6,Sadia Raja,+92 321 4123460,2025-04-01,2025-04,2010-02-26,61101-0086679-0,"House 78, Street 15, Sector G-10/4, Islamabad",Medical Doctor
REG-2026-1027,Hamza Hashmi,Waleed Hashmi,Playgroup,Male,0,+92 312 0666664,61101-0012666-7,Tayyaba Hashmi,+92 321 4666670,2026-07-06,2026-07,2023-03-27,61101-0089820-5,"House 19, Street 3, Sector F-8/1, Islamabad",Chartered Accountant
REG-2026-1028,Haris Rehman,Huzaifa Rehman,Nursery,Male,0,+92 312 1432096,61101-0013098-8,Manahil Rehman,+92 321 5209880,2024-10-11,2024-10,2021-04-28,61101-0092962-0,"House 55, Street 27, Sector G-13/3, Islamabad",Advocate High Court
REG-2026-1029,Hamza Baig,Bilal Baig,Prep,Male,1000,+92 312 2197528,61101-0013530-9,Sana Baig,+92 321 5753090,2025-01-16,2025-01,2021-05-01,61101-0096103-5,"House 102, Street 7, Sector F-11/1, Islamabad",Professor
REG-2026-1030,Iqra Sheikh,Zubair Sheikh,Class 1,Female,0,+92 312 2962960,61101-0013963-0,Malaika Sheikh,+92 321 6296300,2026-04-21,2026-04,2019-06-02,61101-0099245-0,"House 67, Street 31, Sector H-13, Islamabad",Police Inspector
REG-2026-1031,Hamza Gondal,Arham Gondal,Class 2,Male,0,+92 312 3728392,61101-0014395-1,Zoya Gondal,+92 321 6839510,2024-07-01,2024-07,2019-07-03,61101-0102386-5,"House 90, Street 12, Bahria Town Phase 4, Rawalpindi",Merchant Navy Officer
REG-2026-1032,Warda Iqbal,Azan Iqbal,Class 3,Female,3000,+92 312 4493824,61101-0014827-2,Bushra Iqbal,+92 321 7382720,2025-10-06,2025-10,2017-08-04,61101-0105528-0,"House 214, Street 6, Bahria Town Phase 7, Rawalpindi",Pharmacist
REG-2026-1033,Hamza Mughal,Hassan Mughal,Class 4,Male,0,+92 312 5259256,61101-0015259-3,Inaya Mughal,+92 321 7925930,2026-01-11,2026-01,2017-09-05,61101-0108669-5,"House 34, Street 19, DHA Phase 2, Islamabad",Contractor
REG-2026-1034,Haris Chaudhry,Farhan Chaudhry,Class 5,Male,1500,+92 312 6024688,61101-0015691-4,Hoorain Chaudhry,+92 321 8469140,2024-04-16,2024-04,2015-10-06,61101-0111811-0,"House 512, Street 8, Chaklala Scheme 3, Rawalpindi",School Principal
REG-2026-1035,Hamza Abbasi,Shayan Abbasi,Class 6,Male,0,+92 312 6790120,61101-0016123-5,Haleema Abbasi,+92 321 9012350,2025-07-21,2025-07,2015-11-07,61101-0114952-5,"House 73, Street 14, Westridge 1, Rawalpindi",Textile Merchant
REG-2026-1036,Haris Jutt,Ahmed Jutt,Class 7,Male,1000,+92 312 7555552,61101-0016555-6,Aima Jutt,+92 321 9555560,2026-10-01,2026-10,2013-12-08,61101-0118094-0,"House 115, Street 2, Satellite Town Block B, Rawalpindi",Real Estate Consultant
REG-2026-1037,Hamza Javed,Mustafa Javed,Class 8,Male,0,+92 312 8320984,61101-0016987-7,Anaya Javed,+92 322 0098770,2024-01-06,2024-01,2013-01-09,61101-0121235-5,"House 29, Street 16, Gulraiz Housing Scheme, Rawalpindi",Senior Architect
REG-2026-1038,Laiba Kazmi,Haris Kazmi,Class 9 (Science),Female,0,+92 312 9086416,61101-0017419-8,Iqra Kazmi,+92 322 0641980,2025-04-11,2025-04,2011-02-10,61101-0124377-0,"House 401, Street 5, Media Town Block C, Islamabad",Customs Officer
REG-2026-1039,Hamza Bhatti,Rehan Bhatti,Class 10 (Science),Male,2000,+92 312 9851848,61101-0017851-9,Sidra Bhatti,+92 322 1185190,2026-07-16,2026-07,2011-03-11,61101-0127518-5,"House 82, Street 10, PWD Housing Society, Islamabad",Aviation Engineer
REG-2026-1040,Haris Ansari,Usman Ansari,Playgroup,Male,0,+92 313 0617280,61101-0018284-0,Emaan Ansari,+92 322 1728400,2024-10-21,2024-10,2022-04-12,61101-0130660-0,"House 14, Street 22, Sector F-7/2, Islamabad",Civil Engineer
REG-2026-1041,Hamza Akhtar,Ayaan Akhtar,Nursery,Male,0,+92 313 1382712,61101-0018716-1,Alishba Akhtar,+92 322 2271610,2025-01-01,2025-01,2022-05-13,61101-0133801-5,"House 88, Street 4, Sector G-9/1, Islamabad",Software Engineer
REG-2026-1042,Warda Zafar,Zain Zafar,Prep,Female,0,+92 313 2148144,61101-0019148-2,Kinza Zafar,+92 322 2814820,2026-04-06,2026-04,2020-06-14,61101-0136943-0,"House 204, Street 11, Sector F-10/3, Islamabad",Bank Manager
REG-2026-1043,Hamza Qureshi,Hashir Qureshi,Class 1,Male,1000,+92 313 2913576,61101-0019580-3,Hafsa Qureshi,+92 322 3358030,2024-07-11,2024-07,2020-07-15,61101-0140084-5,"House 45, Street 18, Sector G-11/2, Islamabad",Businessman
REG-2026-1044,Malaika Mirza,Hussain Mirza,Class 2,Female,0,+92 313 3679008,61101-0020012-4,Rameen Mirza,+92 322 3901240,2025-10-16,2025-10,2018-08-16,61101-0143226-0,"House 12-A, Street 5, Sector I-8/4, Islamabad",Govt Officer (BPS-17)
REG-2026-1045,Hamza Farooq,Shahzaib Farooq,Class 3,Male,1500,+92 313 4444440,61101-0020444-5,Muntaha Farooq,+92 322 4444450,2026-01-21,2026-01,2018-09-17,61101-0146367-5,"House 310, Street 9, Sector E-11/2, Islamabad",Govt Officer (BPS-18)
REG-2026-1046,Haris Dar,Moiz Dar,Class 4,Male,0,+92 313 5209872,61101-0020876-6,Noor Dar,+92 322 4987660,2024-04-01,2024-04,2016-10-18,61101-0149509-0,"House 78, Street 15, Sector G-10/4, Islamabad",Medical Doctor
REG-2026-1047,Hamza Malik,Ali Malik,Class 5,Male,2500,+92 313 5975304,61101-0021308-7,Hiba Malik,+92 322 5530870,2025-07-06,2025-07,2016-11-19,61101-0152650-5,"House 19, Street 3, Sector F-8/1, Islamabad",Chartered Accountant
REG-2026-1048,Laiba Butt,Talha Butt,Class 6,Female,0,+92 313 6740736,61101-0021740-8,Amna Butt,+92 322 6074080,2026-10-11,2026-10,2014-12-20,61101-0155792-0,"House 55, Street 27, Sector G-13/3, Islamabad",Advocate High Court
REG-2026-1049,Hamza Tariq,Taha Tariq,Class 7,Male,0,+92 313 7506168,61101-0022172-9,Khadija Tariq,+92 322 6617290,2024-01-16,2024-01,2014-01-21,61101-0158933-5,"House 102, Street 7, Sector F-11/1, Islamabad",Professor
REG-2026-1050,Iqra Nawaz,Saim Nawaz,Class 8,Female,1000,+92 313 8271600,61101-0022605-0,Sara Nawaz,+92 322 7160500,2025-04-21,2025-04,2012-02-22,61101-0162075-0,"House 67, Street 31, Sector H-13, Islamabad",Police Inspector
REG-2026-1051,Hamza Khan,Umar Khan,Class 9 (Science),Male,0,+92 313 9037032,61101-0023037-1,Ayla Khan,+92 322 7703710,2026-07-01,2026-07,2012-03-23,61101-0165216-5,"House 90, Street 12, Bahria Town Phase 4, Rawalpindi",Merchant Navy Officer
REG-2026-1052,Haris Siddiqui,Rayyan Siddiqui,Class 10 (Science),Male,0,+92 313 9802464,61101-0023469-2,Maryam Siddiqui,+92 322 8246920,2024-10-06,2024-10,2010-04-24,61101-0168358-0,"House 214, Street 6, Bahria Town Phase 7, Rawalpindi",Pharmacist
REG-2026-1053,Hamza Syed,Affan Syed,Playgroup,Male,0,+92 314 0567896,61101-0023901-3,Maham Syed,+92 322 8790130,2025-01-11,2025-01,2023-05-25,61101-0171499-5,"House 34, Street 19, DHA Phase 2, Islamabad",Contractor
REG-2026-1054,Malaika Rasheed,Ammar Rasheed,Nursery,Female,0,+92 314 1333328,61101-0024333-4,Warda Rasheed,+92 322 9333340,2026-04-16,2026-04,2021-06-26,61101-0174641-0,"House 512, Street 8, Chaklala Scheme 3, Rawalpindi",School Principal
REG-2026-1055,Hamza Gillani,Abdullah Gillani,Prep,Male,0,+92 314 2098760,61101-0024765-5,Zainab Gillani,+92 322 9876550,2024-07-21,2024-07,2021-07-27,61101-0177782-5,"House 73, Street 14, Westridge 1, Rawalpindi",Textile Merchant
REG-2026-1056,Haris Raja,Rohail Raja,Class 1,Male,1500,+92 314 2864192,61101-0025197-6,Dua Raja,+92 323 0419760,2025-10-01,2025-10,2019-08-28,61101-0180924-0,"House 115, Street 2, Satellite Town Block B, Rawalpindi",Real Estate Consultant
REG-2026-1057,Hamza Hashmi,Subhan Hashmi,Class 2,Male,1000,+92 314 3629624,61101-0025629-7,Bisma Hashmi,+92 323 0962970,2026-01-06,2026-01,2019-09-01,61101-0184065-5,"House 29, Street 16, Gulraiz Housing Scheme, Rawalpindi",Senior Architect
REG-2026-1058,Haris Rehman,Hamza Rehman,Class 3,Male,2000,+92 314 4395056,61101-0026061-8,Ayesha Rehman,+92 323 1506180,2024-04-11,2024-04,2017-10-02,61101-0187207-0,"House 401, Street 5, Media Town Block C, Islamabad",Customs Officer
REG-2026-1059,Hamza Baig,Saad Baig,Class 4,Male,0,+92 314 5160488,61101-0026493-9,Areeba Baig,+92 323 2049390,2025-07-16,2025-07,2017-11-03,61101-0190348-5,"House 82, Street 10, PWD Housing Society, Islamabad",Aviation Engineer
REG-2026-1060,Iqra Sheikh,Sameer Sheikh,Class 5,Female,0,+92 314 5925920,61101-0026926-0,Mehak Sheikh,+92 323 2592600,2026-10-21,2026-10,2015-12-04,61101-0193490-0,"House 14, Street 22, Sector F-7/2, Islamabad",Civil Engineer
REG-2026-1061,Hamza Gondal,Faizan Gondal,Class 6,Male,0,+92 314 6691352,61101-0027358-1,Fatima Gondal,+92 323 3135810,2024-01-01,2024-01,2015-01-05,61101-0196631-5,"House 88, Street 4, Sector G-9/1, Islamabad",Software Engineer
REG-2026-1062,Warda Iqbal,Zayd Iqbal,Class 7,Female,0,+92 314 7456784,61101-0027790-2,Laiba Iqbal,+92 323 3679020,2025-04-06,2025-04,2013-02-06,61101-0199773-0,"House 204, Street 11, Sector F-10/3, Islamabad",Bank Manager
REG-2026-1063,Hamza Mughal,Daniyal Mughal,Class 8,Male,3000,+92 314 8222216,61101-0028222-3,Zunaira Mughal,+92 323 4222230,2026-07-11,2026-07,2013-03-07,61101-0202914-5,"House 45, Street 18, Sector G-11/2, Islamabad",Businessman
REG-2026-1064,Haris Chaudhry,Ahsan Chaudhry,Class 9 (Science),Male,1000,+92 314 8987648,61101-0028654-4,Nimra Chaudhry,+92 323 4765440,2024-10-16,2024-10,2011-04-08,61101-0206056-0,"House 12-A, Street 5, Sector I-8/4, Islamabad",Govt Officer (BPS-17)
REG-2026-1065,Hamza Abbasi,Muhammad Abbasi,Class 10 (Science),Male,0,+92 314 9753080,61101-0029086-5,Minahil Abbasi,+92 323 5308650,2025-01-21,2025-01,2011-05-09,61101-0209197-5,"House 310, Street 9, Sector E-11/2, Islamabad",Govt Officer (BPS-18)
REG-2026-1066,Haris Jutt,Ibrahim Jutt,Playgroup,Male,0,+92 315 0518512,61101-0029518-6,Sadia Jutt,+92 323 5851860,2026-04-01,2026-04,2022-06-10,61101-0212339-0,"House 78, Street 15, Sector G-10/4, Islamabad",Medical Doctor
REG-2026-1067,Hamza Javed,Waleed Javed,Nursery,Male,1500,+92 315 1283944,61101-0029950-7,Tayyaba Javed,+92 323 6395070,2024-07-06,2024-07,2022-07-11,61101-0215480-5,"House 19, Street 3, Sector F-8/1, Islamabad",Chartered Accountant
REG-2026-1068,Laiba Kazmi,Huzaifa Kazmi,Prep,Female,0,+92 315 2049376,61101-0030382-8,Manahil Kazmi,+92 323 6938280,2025-10-11,2025-10,2020-08-12,61101-0218622-0,"House 55, Street 27, Sector G-13/3, Islamabad",Advocate High Court
REG-2026-1069,Hamza Bhatti,Bilal Bhatti,Class 1,Male,0,+92 315 2814808,61101-0030814-9,Sana Bhatti,+92 323 7481490,2026-01-16,2026-01,2020-09-13,61101-0221763-5,"House 102, Street 7, Sector F-11/1, Islamabad",Professor
REG-2026-1070,Haris Ansari,Zubair Ansari,Class 2,Male,2500,+92 315 3580240,61101-0031247-0,Malaika Ansari,+92 323 8024700,2024-04-21,2024-04,2018-10-14,61101-0224905-0,"House 67, Street 31, Sector H-13, Islamabad",Police Inspector
REG-2026-1071,Hamza Akhtar,Arham Akhtar,Class 3,Male,1000,+92 315 4345672,61101-0031679-1,Zoya Akhtar,+92 323 8567910,2025-07-01,2025-07,2018-11-15,61101-0228046-5,"House 90, Street 12, Bahria Town Phase 4, Rawalpindi",Merchant Navy Officer
REG-2026-1072,Warda Zafar,Azan Zafar,Class 4,Female,0,+92 315 5111104,61101-0032111-2,Bushra Zafar,+92 323 9111120,2026-10-06,2026-10,2016-12-16,61101-0231188-0,"House 214, Street 6, Bahria Town Phase 7, Rawalpindi",Pharmacist
REG-2026-1073,Hamza Qureshi,Hassan Qureshi,Class 5,Male,0,+92 315 5876536,61101-0032543-3,Inaya Qureshi,+92 323 9654330,2024-01-11,2024-01,2016-01-17,61101-0234329-5,"House 34, Street 19, DHA Phase 2, Islamabad",Contractor
REG-2026-1074,Malaika Mirza,Farhan Mirza,Class 6,Female,0,+92 315 6641968,61101-0032975-4,Hoorain Mirza,+92 324 0197540,2025-04-16,2025-04,2014-02-18,61101-0237471-0,"House 512, Street 8, Chaklala Scheme 3, Rawalpindi",School Principal
REG-2026-1075,Hamza Farooq,Shayan Farooq,Class 7,Male,0,+92 315 7407400,61101-0033407-5,Haleema Farooq,+92 324 0740750,2026-07-21,2026-07,2014-03-19,61101-0240612-5,"House 73, Street 14, Westridge 1, Rawalpindi",Textile Merchant
REG-2026-1076,Haris Dar,Ahmed Dar,Class 8,Male,0,+92 315 8172832,61101-0033839-6,Aima Dar,+92 324 1283960,2024-10-01,2024-10,2012-04-20,61101-0243754-0,"House 115, Street 2, Satellite Town Block B, Rawalpindi",Real Estate Consultant
REG-2026-1077,Hamza Malik,Mustafa Malik,Class 9 (Science),Male,2000,+92 315 8938264,61101-0034271-7,Anaya Malik,+92 324 1827170,2025-01-06,2025-01,2012-05-21,61101-0246895-5,"House 29, Street 16, Gulraiz Housing Scheme, Rawalpindi",Senior Architect
REG-2026-1078,Laiba Butt,Haris Butt,Class 10 (Science),Female,1000,+92 315 9703696,61101-0034703-8,Iqra Butt,+92 324 2370380,2026-04-11,2026-04,2010-06-22,61101-0250037-0,"House 401, Street 5, Media Town Block C, Islamabad",Customs Officer
REG-2026-1079,Hamza Tariq,Rehan Tariq,Playgroup,Male,0,+92 316 0469128,61101-0035135-9,Sidra Tariq,+92 324 2913590,2024-07-16,2024-07,2023-07-23,61101-0253178-5,"House 82, Street 10, PWD Housing Society, Islamabad",Aviation Engineer
REG-2026-1080,Iqra Nawaz,Usman Nawaz,Nursery,Female,0,+92 316 1234560,61101-0035568-0,Emaan Nawaz,+92 324 3456800,2025-10-21,2025-10,2021-08-24,61101-0256320-0,"House 14, Street 22, Sector F-7/2, Islamabad",Civil Engineer
REG-2026-1081,Hamza Khan,Ayaan Khan,Prep,Male,0,+92 316 1999992,61101-0036000-1,Alishba Khan,+92 324 4000010,2026-01-01,2026-01,2021-09-25,61101-0259461-5,"House 88, Street 4, Sector G-9/1, Islamabad",Software Engineer
REG-2026-1082,Haris Siddiqui,Zain Siddiqui,Class 1,Male,0,+92 316 2765424,61101-0036432-2,Kinza Siddiqui,+92 324 4543220,2024-04-06,2024-04,2019-10-26,61101-0262603-0,"House 204, Street 11, Sector F-10/3, Islamabad",Bank Manager
REG-2026-1083,Hamza Syed,Hashir Syed,Class 2,Male,0,+92 316 3530856,61101-0036864-3,Hafsa Syed,+92 324 5086430,2025-07-11,2025-07,2019-11-27,61101-0265744-5,"House 45, Street 18, Sector G-11/2, Islamabad",Businessman
REG-2026-1084,Malaika Rasheed,Hussain Rasheed,Class 3,Female,0,+92 316 4296288,61101-0037296-4,Rameen Rasheed,+92 324 5629640,2026-10-16,2026-10,2017-12-28,61101-0268886-0,"House 12-A, Street 5, Sector I-8/4, Islamabad",Govt Officer (BPS-17)
REG-2026-1085,Hamza Gillani,Shahzaib Gillani,Class 4,Male,1000,+92 316 5061720,61101-0037728-5,Muntaha Gillani,+92 324 6172850,2024-01-21,2024-01,2017-01-01,61101-0272027-5,"House 310, Street 9, Sector E-11/2, Islamabad",Govt Officer (BPS-18)
REG-2026-1086,Haris Raja,Moiz Raja,Class 5,Male,0,+92 316 5827152,61101-0038160-6,Noor Raja,+92 324 6716060,2025-04-01,2025-04,2015-02-02,61101-0275169-0,"House 78, Street 15, Sector G-10/4, Islamabad",Medical Doctor
REG-2026-1087,Hamza Hashmi,Ali Hashmi,Class 6,Male,0,+92 316 6592584,61101-0038592-7,Hiba Hashmi,+92 324 7259270,2026-07-06,2026-07,2015-03-03,61101-0278310-5,"House 19, Street 3, Sector F-8/1, Islamabad",Chartered Accountant
REG-2026-1088,Haris Rehman,Talha Rehman,Class 7,Male,0,+92 316 7358016,61101-0039024-8,Amna Rehman,+92 324 7802480,2024-10-11,2024-10,2013-04-04,61101-0281452-0,"House 55, Street 27, Sector G-13/3, Islamabad",Advocate High Court
REG-2026-1089,Hamza Baig,Taha Baig,Class 8,Male,1500,+92 316 8123448,61101-0039456-9,Khadija Baig,+92 324 8345690,2025-01-16,2025-01,2013-05-05,61101-0284593-5,"House 102, Street 7, Sector F-11/1, Islamabad",Professor
REG-2026-1090,Iqra Sheikh,Saim Sheikh,Class 9 (Science),Female,0,+92 316 8888880,61101-0039889-0,Sara Sheikh,+92 324 8888900,2026-04-21,2026-04,2011-06-06,61101-0287735-0,"House 67, Street 31, Sector H-13, Islamabad",Police Inspector
REG-2026-1091,Hamza Gondal,Umar Gondal,Class 10 (Science),Male,0,+92 316 9654312,61101-0040321-1,Ayla Gondal,+92 324 9432110,2024-07-01,2024-07,2011-07-07,61101-0290876-5,"House 90, Street 12, Bahria Town Phase 4, Rawalpindi",Merchant Navy Officer
REG-2026-1092,Warda Iqbal,Rayyan Iqbal,Playgroup,Female,1000,+92 317 0419744,61101-0040753-2,Maryam Iqbal,+92 324 9975320,2025-10-06,2025-10,2022-08-08,61101-0294018-0,"House 214, Street 6, Bahria Town Phase 7, Rawalpindi",Pharmacist
REG-2026-1093,Hamza Mughal,Affan Mughal,Nursery,Male,2500,+92 317 1185176,61101-0041185-3,Maham Mughal,+92 325 0518530,2026-01-11,2026-01,2022-09-09,61101-0297159-5,"House 34, Street 19, DHA Phase 2, Islamabad",Contractor
REG-2026-1094,Haris Chaudhry,Ammar Chaudhry,Prep,Male,3000,+92 317 1950608,61101-0041617-4,Warda Chaudhry,+92 325 1061740,2024-04-16,2024-04,2020-10-10,61101-0300301-0,"House 512, Street 8, Chaklala Scheme 3, Rawalpindi",School Principal
REG-2026-1095,Hamza Abbasi,Abdullah Abbasi,Class 1,Male,0,+92 317 2716040,61101-0042049-5,Zainab Abbasi,+92 325 1604950,2025-07-21,2025-07,2020-11-11,61101-0303442-5,"House 73, Street 14, Westridge 1, Rawalpindi",Textile Merchant
REG-2026-1096,Haris Jutt,Rohail Jutt,Class 2,Male,2000,+92 317 3481472,61101-0042481-6,Dua Jutt,+92 325 2148160,2026-10-01,2026-10,2018-12-12,61101-0306584-0,"House 115, Street 2, Satellite Town Block B, Rawalpindi",Real Estate Consultant
REG-2026-1097,Hamza Javed,Subhan Javed,Class 3,Male,0,+92 317 4246904,61101-0042913-7,Bisma Javed,+92 325 2691370,2024-01-06,2024-01,2018-01-13,61101-0309725-5,"House 29, Street 16, Gulraiz Housing Scheme, Rawalpindi",Senior Architect
REG-2026-1098,Laiba Kazmi,Hamza Kazmi,Class 4,Female,0,+92 317 5012336,61101-0043345-8,Ayesha Kazmi,+92 325 3234580,2025-04-11,2025-04,2016-02-14,61101-0312867-0,"House 401, Street 5, Media Town Block C, Islamabad",Customs Officer
REG-2026-1099,Hamza Bhatti,Saad Bhatti,Class 5,Male,1000,+92 317 5777768,61101-0043777-9,Areeba Bhatti,+92 325 3777790,2026-07-16,2026-07,2016-03-15,61101-0316008-5,"House 82, Street 10, PWD Housing Society, Islamabad",Aviation Engineer
REG-2026-1100,Haris Ansari,Sameer Ansari,Class 6,Male,1500,+92 317 6543200,61101-0044210-0,Mehak Ansari,+92 325 4321000,2024-10-21,2024-10,2014-04-16,61101-0319150-0,"House 14, Street 22, Sector F-7/2, Islamabad",Civil Engineer
REG-2026-1101,Hamza Akhtar,Faizan Akhtar,Class 7,Male,0,+92 317 7308632,61101-0044642-1,Fatima Akhtar,+92 325 4864210,2025-01-01,2025-01,2014-05-17,61101-0322291-5,"House 88, Street 4, Sector G-9/1, Islamabad",Software Engineer
REG-2026-1102,Warda Zafar,Zayd Zafar,Class 8,Female,0,+92 317 8074064,61101-0045074-2,Laiba Zafar,+92 325 5407420,2026-04-06,2026-04,2012-06-18,61101-0325433-0,"House 204, Street 11, Sector F-10/3, Islamabad",Bank Manager
REG-2026-1103,Hamza Qureshi,Daniyal Qureshi,Class 9 (Science),Male,0,+92 317 8839496,61101-0045506-3,Zunaira Qureshi,+92 325 5950630,2024-07-11,2024-07,2012-07-19,61101-0328574-5,"House 45, Street 18, Sector G-11/2, Islamabad",Businessman
REG-2026-1104,Malaika Mirza,Ahsan Mirza,Class 10 (Science),Female,0,+92 317 9604928,61101-0045938-4,Nimra Mirza,+92 325 6493840,2025-10-16,2025-10,2010-08-20,61101-0331716-0,"House 12-A, Street 5, Sector I-8/4, Islamabad",Govt Officer (BPS-17)
REG-2026-1105,Hamza Farooq,Muhammad Farooq,Playgroup,Male,0,+92 318 0370360,61101-0046370-5,Minahil Farooq,+92 325 7037050,2026-01-21,2026-01,2023-09-21,61101-0334857-5,"House 310, Street 9, Sector E-11/2, Islamabad",Govt Officer (BPS-18)
REG-2026-1106,Haris Dar,Ibrahim Dar,Nursery,Male,1000,+92 318 1135792,61101-0046802-6,Sadia Dar,+92 325 7580260,2024-04-01,2024-04,2021-10-22,61101-0337999-0,"House 78, Street 15, Sector G-10/4, Islamabad",Medical Doctor
REG-2026-1107,Hamza Malik,Waleed Malik,Prep,Male,0,+92 318 1901224,61101-0047234-7,Tayyaba Malik,+92 325 8123470,2025-07-06,2025-07,2021-11-23,61101-0341140-5,"House 19, Street 3, Sector F-8/1, Islamabad",Chartered Accountant
REG-2026-1108,Laiba Butt,Huzaifa Butt,Class 1,Female,0,+92 318 2666656,61101-0047666-8,Manahil Butt,+92 325 8666680,2026-10-11,2026-10,2019-12-24,61101-0344282-0,"House 55, Street 27, Sector G-13/3, Islamabad",Advocate High Court
REG-2026-1109,Hamza Tariq,Bilal Tariq,Class 2,Male,0,+92 318 3432088,61101-0048098-9,Sana Tariq,+92 325 9209890,2024-01-16,2024-01,2019-01-25,61101-0347423-5,"House 102, Street 7, Sector F-11/1, Islamabad",Professor
REG-2026-1110,Iqra Nawaz,Zubair Nawaz,Class 3,Female,0,+92 318 4197520,61101-0048531-0,Malaika Nawaz,+92 325 9753100,2025-04-21,2025-04,2017-02-26,61101-0350565-0,"House 67, Street 31, Sector H-13, Islamabad",Police Inspector
REG-2026-1111,Huzaifa Gondal,Ayaan Gondal,Class 4,Male,500,+92 310 0765432,61101-0001432-1,Alishba Gondal,+92 320 0543210,2026-07-01,2026-07,2017-03-27,61101-0353706-5,"House 88, Street 4, Sector G-9/1, Islamabad",Software Engineer
REG-2026-1112,Talha Iqbal,Zain Iqbal,Class 5,Male,500,+92 310 1530864,61101-0001864-2,Kinza Iqbal,+92 320 1086420,2024-10-06,2024-10,2015-04-28,61101-0356848-0,"House 204, Street 11, Sector F-10/3, Islamabad",Bank Manager
REG-2026-1113,Huzaifa Mughal,Hashir Mughal,Class 6,Male,500,+92 310 2296296,61101-0002296-3,Hafsa Mughal,+92 320 1629630,2025-01-11,2025-01,2015-05-01,61101-0359989-5,"House 45, Street 18, Sector G-11/2, Islamabad",Businessman
REG-2026-1114,Emaan Chaudhry,Hussain Chaudhry,Class 7,Female,500,+92 310 3061728,61101-0002728-4,Rameen Chaudhry,+92 320 2172840,2026-04-16,2026-04,2013-06-02,61101-0363131-0,"House 12-A, Street 5, Sector I-8/4, Islamabad",Govt Officer (BPS-17)
REG-2026-1115,Huzaifa Abbasi,Shahzaib Abbasi,Class 8,Male,500,+92 310 3827160,61101-0003160-5,Muntaha Abbasi,+92 320 2716050,2024-07-21,2024-07,2013-07-03,61101-0366272-5,"House 310, Street 9, Sector E-11/2, Islamabad",Govt Officer (BPS-18)
REG-2026-1116,Talha Jutt,Moiz Jutt,Class 9 (Science),Male,500,+92 310 4592592,61101-0003592-6,Noor Jutt,+92 320 3259260,2025-10-01,2025-10,2011-08-04,61101-0369414-0,"House 78, Street 15, Sector G-10/4, Islamabad",Medical Doctor
REG-2026-1117,Huzaifa Javed,Ali Javed,Class 10 (Science),Male,500,+92 310 5358024,61101-0004024-7,Hiba Javed,+92 320 3802470,2026-01-06,2026-01,2011-09-05,61101-0372555-5,"House 19, Street 3, Sector F-8/1, Islamabad",Chartered Accountant
REG-2026-1118,Talha Kazmi,Talha Kazmi,Playgroup,Male,500,+92 310 6123456,61101-0004456-8,Amna Kazmi,+92 320 4345680,2024-04-11,2024-04,2022-10-06,61101-0375697-0,"House 55, Street 27, Sector G-13/3, Islamabad",Advocate High Court
REG-2026-1119,Huzaifa Bhatti,Taha Bhatti,Nursery,Male,500,+92 310 6888888,61101-0004888-9,Khadija Bhatti,+92 320 4888890,2025-07-16,2025-07,2022-11-07,61101-0378838-5,"House 102, Street 7, Sector F-11/1, Islamabad",Professor
REG-2026-1120,Amna Ansari,Saim Ansari,Prep,Female,500,+92 310 7654320,61101-0005321-0,Sara Ansari,+92 320 5432100,2026-10-21,2026-10,2020-12-08,61101-0381980-0,"House 67, Street 31, Sector H-13, Islamabad",Police Inspector
REG-2026-1121,Huzaifa Akhtar,Umar Akhtar,Class 1,Male,500,+92 310 8419752,61101-0005753-1,Ayla Akhtar,+92 320 5975310,2024-01-01,2024-01,2020-01-09,61101-0385121-5,"House 90, Street 12, Bahria Town Phase 4, Rawalpindi",Merchant Navy Officer
REG-2026-1122,Nimra Zafar,Rayyan Zafar,Class 2,Female,500,+92 310 9185184,61101-0006185-2,Maryam Zafar,+92 320 6518520,2025-04-06,2025-04,2018-02-10,61101-0388263-0,"House 214, Street 6, Bahria Town Phase 7, Rawalpindi",Pharmacist
REG-2026-1123,Huzaifa Qureshi,Affan Qureshi,Class 3,Male,500,+92 310 9950616,61101-0006617-3,Maham Qureshi,+92 320 7061730,2026-07-11,2026-07,2018-03-11,61101-0391404-5,"House 34, Street 19, DHA Phase 2, Islamabad",Contractor
REG-2026-1124,Talha Mirza,Ammar Mirza,Class 4,Male,500,+92 311 0716048,61101-0007049-4,Warda Mirza,+92 320 7604940,2024-10-16,2024-10,2016-04-12,61101-0394546-0,"House 512, Street 8, Chaklala Scheme 3, Rawalpindi",School Principal
REG-2026-1125,Huzaifa Farooq,Abdullah Farooq,Class 5,Male,500,+92 311 1481480,61101-0007481-5,Zainab Farooq,+92 320 8148150,2025-01-21,2025-01,2016-05-13,61101-0397687-5,"House 73, Street 14, Westridge 1, Rawalpindi",Textile Merchant
REG-2026-1126,Talha Dar,Rohail Dar,Class 6,Male,500,+92 311 2246912,61101-0007913-6,Dua Dar,+92 320 8691360,2026-04-01,2026-04,2014-06-14,61101-0400829-0,"House 115, Street 2, Satellite Town Block B, Rawalpindi",Real Estate Consultant
REG-2026-1127,Huzaifa Malik,Subhan Malik,Class 7,Male,500,+92 311 3012344,61101-0008345-7,Bisma Malik,+92 320 9234570,2024-07-06,2024-07,2014-07-15,61101-0403970-5,"House 29, Street 16, Gulraiz Housing Scheme, Rawalpindi",Senior Architect
REG-2026-1128,Bushra Butt,Hamza Butt,Class 8,Female,500,+92 311 3777776,61101-0008777-8,Ayesha Butt,+92 320 9777780,2025-10-11,2025-10,2012-08-16,61101-0407112-0,"House 401, Street 5, Media Town Block C, Islamabad",Customs Officer
REG-2026-1129,Huzaifa Tariq,Saad Tariq,Class 9 (Science),Male,500,+92 311 4543208,61101-0009209-9,Areeba Tariq,+92 321 0320990,2026-01-16,2026-01,2012-09-17,61101-0410253-5,"House 82, Street 10, PWD Housing Society, Islamabad",Aviation Engineer
REG-2026-1130,Talha Nawaz,Sameer Nawaz,Class 10 (Science),Male,500,+92 311 5308640,61101-0009642-0,Mehak Nawaz,+92 321 0864200,2024-04-21,2024-04,2010-10-18,61101-0413395-0,"House 14, Street 22, Sector F-7/2, Islamabad",Civil Engineer
REG-2026-1131,Huzaifa Khan,Faizan Khan,Playgroup,Male,500,+92 311 6074072,61101-0010074-1,Fatima Khan,+92 321 1407410,2025-07-01,2025-07,2023-11-19,61101-0416536-5,"House 88, Street 4, Sector G-9/1, Islamabad",Software Engineer
REG-2026-1132,Nimra Siddiqui,Zayd Siddiqui,Nursery,Female,500,+92 311 6839504,61101-0010506-2,Laiba Siddiqui,+92 321 1950620,2026-10-06,2026-10,2021-12-20,61101-0419678-0,"House 204, Street 11, Sector F-10/3, Islamabad",Bank Manager
REG-2026-1133,Huzaifa Syed,Daniyal Syed,Prep,Male,500,+92 311 7604936,61101-0010938-3,Zunaira Syed,+92 321 2493830,2024-01-11,2024-01,2021-01-21,61101-0422819-5,"House 45, Street 18, Sector G-11/2, Islamabad",Businessman
REG-2026-1134,Emaan Rasheed,Ahsan Rasheed,Class 1,Female,500,+92 311 8370368,61101-0011370-4,Nimra Rasheed,+92 321 3037040,2025-04-16,2025-04,2019-02-22,61101-0425961-0,"House 12-A, Street 5, Sector I-8/4, Islamabad",Govt Officer (BPS-17)
REG-2026-1135,Huzaifa Gillani,Muhammad Gillani,Class 2,Male,500,+92 311 9135800,61101-0011802-5,Minahil Gillani,+92 321 3580250,2026-07-21,2026-07,2019-03-23,61101-0429102-5,"House 310, Street 9, Sector E-11/2, Islamabad",Govt Officer (BPS-18)
REG-2026-1136,Talha Raja,Ibrahim Raja,Class 3,Male,500,+92 311 9901232,61101-0012234-6,Sadia Raja,+92 321 4123460,2024-10-01,2024-10,2017-04-24,61101-0432244-0,"House 78, Street 15, Sector G-10/4, Islamabad",Medical Doctor
REG-2026-1137,Huzaifa Hashmi,Waleed Hashmi,Class 4,Male,500,+92 312 0666664,61101-0012666-7,Tayyaba Hashmi,+92 321 4666670,2025-01-06,2025-01,2017-05-25,61101-0435385-5,"House 19, Street 3, Sector F-8/1, Islamabad",Chartered Accountant
REG-2026-1138,Bushra Rehman,Huzaifa Rehman,Class 5,Female,500,+92 312 1432096,61101-0013098-8,Manahil Rehman,+92 321 5209880,2026-04-11,2026-04,2015-06-26,61101-0438527-0,"House 55, Street 27, Sector G-13/3, Islamabad",Advocate High Court
REG-2026-1139,Huzaifa Baig,Bilal Baig,Class 6,Male,500,+92 312 2197528,61101-0013530-9,Sana Baig,+92 321 5753090,2024-07-16,2024-07,2015-07-27,61101-0441668-5,"House 102, Street 7, Sector F-11/1, Islamabad",Professor
REG-2026-1140,Amna Sheikh,Zubair Sheikh,Class 7,Female,500,+92 312 2962960,61101-0013963-0,Malaika Sheikh,+92 321 6296300,2025-10-21,2025-10,2013-08-28,61101-0444810-0,"House 67, Street 31, Sector H-13, Islamabad",Police Inspector
REG-2026-1141,Huzaifa Gondal,Arham Gondal,Class 8,Male,500,+92 312 3728392,61101-0014395-1,Zoya Gondal,+92 321 6839510,2026-01-01,2026-01,2013-09-01,61101-0447951-5,"House 90, Street 12, Bahria Town Phase 4, Rawalpindi",Merchant Navy Officer
REG-2026-1142,Talha Iqbal,Azan Iqbal,Class 9 (Science),Male,500,+92 312 4493824,61101-0014827-2,Bushra Iqbal,+92 321 7382720,2024-04-06,2024-04,2011-10-02,61101-0451093-0,"House 214, Street 6, Bahria Town Phase 7, Rawalpindi",Pharmacist
REG-2026-1143,Huzaifa Mughal,Hassan Mughal,Class 10 (Science),Male,500,+92 312 5259256,61101-0015259-3,Inaya Mughal,+92 321 7925930,2025-07-11,2025-07,2011-11-03,61101-0454234-5,"House 34, Street 19, DHA Phase 2, Islamabad",Contractor
REG-2026-1144,Emaan Chaudhry,Farhan Chaudhry,Playgroup,Female,500,+92 312 6024688,61101-0015691-4,Hoorain Chaudhry,+92 321 8469140,2026-10-16,2026-10,2022-12-04,61101-0457376-0,"House 512, Street 8, Chaklala Scheme 3, Rawalpindi",School Principal
REG-2026-1145,Huzaifa Abbasi,Shayan Abbasi,Nursery,Male,500,+92 312 6790120,61101-0016123-5,Haleema Abbasi,+92 321 9012350,2024-01-21,2024-01,2022-01-05,61101-0460517-5,"House 73, Street 14, Westridge 1, Rawalpindi",Textile Merchant
REG-2026-1146,Talha Jutt,Ahmed Jutt,Prep,Male,500,+92 312 7555552,61101-0016555-6,Aima Jutt,+92 321 9555560,2025-04-01,2025-04,2020-02-06,61101-0463659-0,"House 115, Street 2, Satellite Town Block B, Rawalpindi",Real Estate Consultant
REG-2026-1147,Huzaifa Javed,Mustafa Javed,Class 1,Male,500,+92 312 8320984,61101-0016987-7,Anaya Javed,+92 322 0098770,2026-07-06,2026-07,2020-03-07,61101-0466800-5,"House 29, Street 16, Gulraiz Housing Scheme, Rawalpindi",Senior Architect
REG-2026-1148,Talha Kazmi,Haris Kazmi,Class 2,Male,500,+92 312 9086416,61101-0017419-8,Iqra Kazmi,+92 322 0641980,2024-10-11,2024-10,2018-04-08,61101-0469942-0,"House 401, Street 5, Media Town Block C, Islamabad",Customs Officer
REG-2026-1149,Huzaifa Bhatti,Rehan Bhatti,Class 3,Male,500,+92 312 9851848,61101-0017851-9,Sidra Bhatti,+92 322 1185190,2025-01-16,2025-01,2018-05-09,61101-0473083-5,"House 82, Street 10, PWD Housing Society, Islamabad",Aviation Engineer
REG-2026-1150,Amna Ansari,Usman Ansari,Class 4,Female,500,+92 313 0617280,61101-0018284-0,Emaan Ansari,+92 322 1728400,2026-04-21,2026-04,2016-06-10,61101-0476225-0,"House 14, Street 22, Sector F-7/2, Islamabad",Civil Engineer
REG-2026-1151,Huzaifa Akhtar,Ayaan Akhtar,Class 5,Male,500,+92 313 1382712,61101-0018716-1,Alishba Akhtar,+92 322 2271610,2024-07-01,2024-07,2016-07-11,61101-0479366-5,"House 88, Street 4, Sector G-9/1, Islamabad",Software Engineer
REG-2026-1152,Nimra Zafar,Zain Zafar,Class 6,Female,500,+92 313 2148144,61101-0019148-2,Kinza Zafar,+92 322 2814820,2025-10-06,2025-10,2014-08-12,61101-0482508-0,"House 204, Street 11, Sector F-10/3, Islamabad",Bank Manager
REG-2026-1153,Huzaifa Qureshi,Hashir Qureshi,Class 7,Male,500,+92 313 2913576,61101-0019580-3,Hafsa Qureshi,+92 322 3358030,2026-01-11,2026-01,2014-09-13,61101-0485649-5,"House 45, Street 18, Sector G-11/2, Islamabad",Businessman
REG-2026-1154,Talha Mirza,Hussain Mirza,Class 8,Male,500,+92 313 3679008,61101-0020012-4,Rameen Mirza,+92 322 3901240,2024-04-16,2024-04,2012-10-14,61101-0488791-0,"House 12-A, Street 5, Sector I-8/4, Islamabad",Govt Officer (BPS-17)
REG-2026-1155,Huzaifa Farooq,Shahzaib Farooq,Class 9 (Science),Male,500,+92 313 4444440,61101-0020444-5,Muntaha Farooq,+92 322 4444450,2025-07-21,2025-07,2012-11-15,61101-0491932-5,"House 310, Street 9, Sector E-11/2, Islamabad",Govt Officer (BPS-18)
REG-2026-1156,Talha Dar,Moiz Dar,Class 10 (Science),Male,500,+92 313 5209872,61101-0020876-6,Noor Dar,+92 322 4987660,2026-10-01,2026-10,2010-12-16,61101-0495074-0,"House 78, Street 15, Sector G-10/4, Islamabad",Medical Doctor
REG-2026-1157,Huzaifa Malik,Ali Malik,Playgroup,Male,500,+92 313 5975304,61101-0021308-7,Hiba Malik,+92 322 5530870,2024-01-06,2024-01,2023-01-17,61101-0498215-5,"House 19, Street 3, Sector F-8/1, Islamabad",Chartered Accountant
REG-2026-1158,Bushra Butt,Talha Butt,Nursery,Female,500,+92 313 6740736,61101-0021740-8,Amna Butt,+92 322 6074080,2025-04-11,2025-04,2021-02-18,61101-0501357-0,"House 55, Street 27, Sector G-13/3, Islamabad",Advocate High Court
REG-2026-1159,Huzaifa Tariq,Taha Tariq,Prep,Male,500,+92 313 7506168,61101-0022172-9,Khadija Tariq,+92 322 6617290,2026-07-16,2026-07,2021-03-19,61101-0504498-5,"House 102, Street 7, Sector F-11/1, Islamabad",Professor
REG-2026-1160,Talha Nawaz,Saim Nawaz,Class 1,Male,500,+92 313 8271600,61101-0022605-0,Sara Nawaz,+92 322 7160500,2024-10-21,2024-10,2019-04-20,61101-0507640-0,"House 67, Street 31, Sector H-13, Islamabad",Police Inspector
REG-2026-1161,Huzaifa Khan,Umar Khan,Class 2,Male,500,+92 313 9037032,61101-0023037-1,Ayla Khan,+92 322 7703710,2025-01-01,2025-01,2019-05-21,61101-0510781-5,"House 90, Street 12, Bahria Town Phase 4, Rawalpindi",Merchant Navy Officer
REG-2026-1162,Nimra Siddiqui,Rayyan Siddiqui,Class 3,Female,500,+92 313 9802464,61101-0023469-2,Maryam Siddiqui,+92 322 8246920,2026-04-06,2026-04,2017-06-22,61101-0513923-0,"House 214, Street 6, Bahria Town Phase 7, Rawalpindi",Pharmacist
REG-2026-1163,Huzaifa Syed,Affan Syed,Class 4,Male,500,+92 314 0567896,61101-0023901-3,Maham Syed,+92 322 8790130,2024-07-11,2024-07,2017-07-23,61101-0517064-5,"House 34, Street 19, DHA Phase 2, Islamabad",Contractor
REG-2026-1164,Emaan Rasheed,Ammar Rasheed,Class 5,Female,500,+92 314 1333328,61101-0024333-4,Warda Rasheed,+92 322 9333340,2025-10-16,2025-10,2015-08-24,61101-0520206-0,"House 512, Street 8, Chaklala Scheme 3, Rawalpindi",School Principal
REG-2026-1165,Huzaifa Gillani,Abdullah Gillani,Class 6,Male,500,+92 314 2098760,61101-0024765-5,Zainab Gillani,+92 322 9876550,2026-01-21,2026-01,2015-09-25,61101-0523347-5,"House 73, Street 14, Westridge 1, Rawalpindi",Textile Merchant
REG-2026-1166,Talha Raja,Rohail Raja,Class 7,Male,500,+92 314 2864192,61101-0025197-6,Dua Raja,+92 323 0419760,2024-04-01,2024-04,2013-10-26,61101-0526489-0,"House 115, Street 2, Satellite Town Block B, Rawalpindi",Real Estate Consultant
REG-2026-1167,Huzaifa Hashmi,Subhan Hashmi,Class 8,Male,500,+92 314 3629624,61101-0025629-7,Bisma Hashmi,+92 323 0962970,2025-07-06,2025-07,2013-11-27,61101-0529630-5,"House 29, Street 16, Gulraiz Housing Scheme, Rawalpindi",Senior Architect
REG-2026-1168,Bushra Rehman,Hamza Rehman,Class 9 (Science),Female,500,+92 314 4395056,61101-0026061-8,Ayesha Rehman,+92 323 1506180,2026-10-11,2026-10,2011-12-28,61101-0532772-0,"House 401, Street 5, Media Town Block C, Islamabad",Customs Officer
REG-2026-1169,Huzaifa Baig,Saad Baig,Class 10 (Science),Male,500,+92 314 5160488,61101-0026493-9,Areeba Baig,+92 323 2049390,2024-01-16,2024-01,2011-01-01,61101-0535913-5,"House 82, Street 10, PWD Housing Society, Islamabad",Aviation Engineer
REG-2026-1170,Amna Sheikh,Sameer Sheikh,Playgroup,Female,500,+92 314 5925920,61101-0026926-0,Mehak Sheikh,+92 323 2592600,2025-04-21,2025-04,2022-02-02,61101-0539055-0,"House 14, Street 22, Sector F-7/2, Islamabad",Civil Engineer
REG-2026-1171,Huzaifa Gondal,Faizan Gondal,Nursery,Male,500,+92 314 6691352,61101-0027358-1,Fatima Gondal,+92 323 3135810,2026-07-01,2026-07,2022-03-03,61101-0542196-5,"House 88, Street 4, Sector G-9/1, Islamabad",Software Engineer
REG-2026-1172,Talha Iqbal,Zayd Iqbal,Prep,Male,500,+92 314 7456784,61101-0027790-2,Laiba Iqbal,+92 323 3679020,2024-10-06,2024-10,2020-04-04,61101-0545338-0,"House 204, Street 11, Sector F-10/3, Islamabad",Bank Manager
REG-2026-1173,Huzaifa Mughal,Daniyal Mughal,Class 1,Male,500,+92 314 8222216,61101-0028222-3,Zunaira Mughal,+92 323 4222230,2025-01-11,2025-01,2020-05-05,61101-0548479-5,"House 45, Street 18, Sector G-11/2, Islamabad",Businessman
REG-2026-1174,Emaan Chaudhry,Ahsan Chaudhry,Class 2,Female,500,+92 314 8987648,61101-0028654-4,Nimra Chaudhry,+92 323 4765440,2026-04-16,2026-04,2018-06-06,61101-0551621-0,"House 12-A, Street 5, Sector I-8/4, Islamabad",Govt Officer (BPS-17)
REG-2026-1175,Huzaifa Abbasi,Muhammad Abbasi,Class 3,Male,500,+92 314 9753080,61101-0029086-5,Minahil Abbasi,+92 323 5308650,2024-07-21,2024-07,2018-07-07,61101-0554762-5,"House 310, Street 9, Sector E-11/2, Islamabad",Govt Officer (BPS-18)
REG-2026-1176,Talha Jutt,Ibrahim Jutt,Class 4,Male,500,+92 315 0518512,61101-0029518-6,Sadia Jutt,+92 323 5851860,2025-10-01,2025-10,2016-08-08,61101-0557904-0,"House 78, Street 15, Sector G-10/4, Islamabad",Medical Doctor
REG-2026-1177,Huzaifa Javed,Waleed Javed,Class 5,Male,500,+92 315 1283944,61101-0029950-7,Tayyaba Javed,+92 323 6395070,2026-01-06,2026-01,2016-09-09,61101-0561045-5,"House 19, Street 3, Sector F-8/1, Islamabad",Chartered Accountant
REG-2026-1178,Talha Kazmi,Huzaifa Kazmi,Class 6,Male,500,+92 315 2049376,61101-0030382-8,Manahil Kazmi,+92 323 6938280,2024-04-11,2024-04,2014-10-10,61101-0564187-0,"House 55, Street 27, Sector G-13/3, Islamabad",Advocate High Court
REG-2026-1179,Huzaifa Bhatti,Bilal Bhatti,Class 7,Male,500,+92 315 2814808,61101-0030814-9,Sana Bhatti,+92 323 7481490,2025-07-16,2025-07,2014-11-11,61101-0567328-5,"House 102, Street 7, Sector F-11/1, Islamabad",Professor
REG-2026-1180,Amna Ansari,Zubair Ansari,Class 8,Female,500,+92 315 3580240,61101-0031247-0,Malaika Ansari,+92 323 8024700,2026-10-21,2026-10,2012-12-12,61101-0570470-0,"House 67, Street 31, Sector H-13, Islamabad",Police Inspector
REG-2026-1181,Huzaifa Akhtar,Arham Akhtar,Class 9 (Science),Male,500,+92 315 4345672,61101-0031679-1,Zoya Akhtar,+92 323 8567910,2024-01-01,2024-01,2012-01-13,61101-0573611-5,"House 90, Street 12, Bahria Town Phase 4, Rawalpindi",Merchant Navy Officer
REG-2026-1182,Nimra Zafar,Azan Zafar,Class 10 (Science),Female,500,+92 315 5111104,61101-0032111-2,Bushra Zafar,+92 323 9111120,2025-04-06,2025-04,2010-02-14,61101-0576753-0,"House 214, Street 6, Bahria Town Phase 7, Rawalpindi",Pharmacist
REG-2026-1183,Huzaifa Qureshi,Hassan Qureshi,Playgroup,Male,500,+92 315 5876536,61101-0032543-3,Inaya Qureshi,+92 323 9654330,2026-07-11,2026-07,2023-03-15,61101-0579894-5,"House 34, Street 19, DHA Phase 2, Islamabad",Contractor
REG-2026-1184,Talha Mirza,Farhan Mirza,Nursery,Male,500,+92 315 6641968,61101-0032975-4,Hoorain Mirza,+92 324 0197540,2024-10-16,2024-10,2021-04-16,61101-0583036-0,"House 512, Street 8, Chaklala Scheme 3, Rawalpindi",School Principal
REG-2026-1185,Huzaifa Farooq,Shayan Farooq,Prep,Male,500,+92 315 7407400,61101-0033407-5,Haleema Farooq,+92 324 0740750,2025-01-21,2025-01,2021-05-17,61101-0586177-5,"House 73, Street 14, Westridge 1, Rawalpindi",Textile Merchant
REG-2026-1186,Talha Dar,Ahmed Dar,Class 1,Male,500,+92 315 8172832,61101-0033839-6,Aima Dar,+92 324 1283960,2026-04-01,2026-04,2019-06-18,61101-0589319-0,"House 115, Street 2, Satellite Town Block B, Rawalpindi",Real Estate Consultant
REG-2026-1187,Huzaifa Malik,Mustafa Malik,Class 2,Male,500,+92 315 8938264,61101-0034271-7,Anaya Malik,+92 324 1827170,2024-07-06,2024-07,2019-07-19,61101-0592460-5,"House 29, Street 16, Gulraiz Housing Scheme, Rawalpindi",Senior Architect
REG-2026-1188,Bushra Butt,Haris Butt,Class 3,Female,500,+92 315 9703696,61101-0034703-8,Iqra Butt,+92 324 2370380,2025-10-11,2025-10,2017-08-20,61101-0595602-0,"House 401, Street 5, Media Town Block C, Islamabad",Customs Officer
REG-2026-1189,Huzaifa Tariq,Rehan Tariq,Class 4,Male,500,+92 316 0469128,61101-0035135-9,Sidra Tariq,+92 324 2913590,2026-01-16,2026-01,2017-09-21,61101-0598743-5,"House 82, Street 10, PWD Housing Society, Islamabad",Aviation Engineer
REG-2026-1190,Talha Nawaz,Usman Nawaz,Class 5,Male,500,+92 316 1234560,61101-0035568-0,Emaan Nawaz,+92 324 3456800,2024-04-21,2024-04,2015-10-22,61101-0601885-0,"House 14, Street 22, Sector F-7/2, Islamabad",Civil Engineer
REG-2026-1191,Huzaifa Khan,Ayaan Khan,Class 6,Male,500,+92 316 1999992,61101-0036000-1,Alishba Khan,+92 324 4000010,2025-07-01,2025-07,2015-11-23,61101-0605026-5,"House 88, Street 4, Sector G-9/1, Islamabad",Software Engineer
REG-2026-1192,Nimra Siddiqui,Zain Siddiqui,Class 7,Female,500,+92 316 2765424,61101-0036432-2,Kinza Siddiqui,+92 324 4543220,2026-10-06,2026-10,2013-12-24,61101-0608168-0,"House 204, Street 11, Sector F-10/3, Islamabad",Bank Manager
REG-2026-1193,Huzaifa Syed,Hashir Syed,Class 8,Male,500,+92 316 3530856,61101-0036864-3,Hafsa Syed,+92 324 5086430,2024-01-11,2024-01,2013-01-25,61101-0611309-5,"House 45, Street 18, Sector G-11/2, Islamabad",Businessman
REG-2026-1194,Emaan Rasheed,Hussain Rasheed,Class 9 (Science),Female,500,+92 316 4296288,61101-0037296-4,Rameen Rasheed,+92 324 5629640,2025-04-16,2025-04,2011-02-26,61101-0614451-0,"House 12-A, Street 5, Sector I-8/4, Islamabad",Govt Officer (BPS-17)
REG-2026-1195,Huzaifa Gillani,Shahzaib Gillani,Class 10 (Science),Male,500,+92 316 5061720,61101-0037728-5,Muntaha Gillani,+92 324 6172850,2026-07-21,2026-07,2011-03-27,61101-0617592-5,"House 310, Street 9, Sector E-11/2, Islamabad",Govt Officer (BPS-18)
REG-2026-1196,Talha Raja,Moiz Raja,Playgroup,Male,500,+92 316 5827152,61101-0038160-6,Noor Raja,+92 324 6716060,2024-10-01,2024-10,2022-04-28,61101-0620734-0,"House 78, Street 15, Sector G-10/4, Islamabad",Medical Doctor
REG-2026-1197,Huzaifa Hashmi,Ali Hashmi,Nursery,Male,500,+92 316 6592584,61101-0038592-7,Hiba Hashmi,+92 324 7259270,2025-01-06,2025-01,2022-05-01,61101-0623875-5,"House 19, Street 3, Sector F-8/1, Islamabad",Chartered Accountant
REG-2026-1198,Bushra Rehman,Talha Rehman,Prep,Female,500,+92 316 7358016,61101-0039024-8,Amna Rehman,+92 324 7802480,2026-04-11,2026-04,2020-06-02,61101-0627017-0,"House 55, Street 27, Sector G-13/3, Islamabad",Advocate High Court
REG-2026-1199,Huzaifa Baig,Taha Baig,Class 1,Male,500,+92 316 8123448,61101-0039456-9,Khadija Baig,+92 324 8345690,2024-07-16,2024-07,2020-07-03,61101-0630158-5,"House 102, Street 7, Sector F-11/1, Islamabad",Professor
REG-2026-1200,Amna Sheikh,Saim Sheikh,Class 2,Female,500,+92 316 8888880,61101-0039889-0,Sara Sheikh,+92 324 8888900,2025-10-21,2025-10,2018-08-04,61101-0633300-0,"House 67, Street 31, Sector H-13, Islamabad",Police Inspector
REG-2026-1201,Huzaifa Gondal,Umar Gondal,Class 3,Male,500,+92 316 9654312,61101-0040321-1,Ayla Gondal,+92 324 9432110,2026-01-01,2026-01,2018-09-05,61101-0636441-5,"House 90, Street 12, Bahria Town Phase 4, Rawalpindi",Merchant Navy Officer
REG-2026-1202,Talha Iqbal,Rayyan Iqbal,Class 4,Male,500,+92 317 0419744,61101-0040753-2,Maryam Iqbal,+92 324 9975320,2024-04-06,2024-04,2016-10-06,61101-0639583-0,"House 214, Street 6, Bahria Town Phase 7, Rawalpindi",Pharmacist
REG-2026-1203,Huzaifa Mughal,Affan Mughal,Class 5,Male,500,+92 317 1185176,61101-0041185-3,Maham Mughal,+92 325 0518530,2025-07-11,2025-07,2016-11-07,61101-0642724-5,"House 34, Street 19, DHA Phase 2, Islamabad",Contractor
REG-2026-1204,Emaan Chaudhry,Ammar Chaudhry,Class 6,Female,500,+92 317 1950608,61101-0041617-4,Warda Chaudhry,+92 325 1061740,2026-10-16,2026-10,2014-12-08,61101-0645866-0,"House 512, Street 8, Chaklala Scheme 3, Rawalpindi",School Principal
REG-2026-1205,Huzaifa Abbasi,Abdullah Abbasi,Class 7,Male,500,+92 317 2716040,61101-0042049-5,Zainab Abbasi,+92 325 1604950,2024-01-21,2024-01,2014-01-09,61101-0649007-5,"House 73, Street 14, Westridge 1, Rawalpindi",Textile Merchant
REG-2026-1206,Talha Jutt,Rohail Jutt,Class 8,Male,500,+92 317 3481472,61101-0042481-6,Dua Jutt,+92 325 2148160,2025-04-01,2025-04,2012-02-10,61101-0652149-0,"House 115, Street 2, Satellite Town Block B, Rawalpindi",Real Estate Consultant
REG-2026-1207,Huzaifa Javed,Subhan Javed,Class 9 (Science),Male,500,+92 317 4246904,61101-0042913-7,Bisma Javed,+92 325 2691370,2026-07-06,2026-07,2012-03-11,61101-0655290-5,"House 29, Street 16, Gulraiz Housing Scheme, Rawalpindi",Senior Architect
REG-2026-1208,Talha Kazmi,Hamza Kazmi,Class 10 (Science),Male,500,+92 317 5012336,61101-0043345-8,Ayesha Kazmi,+92 325 3234580,2024-10-11,2024-10,2010-04-12,61101-0658432-0,"House 401, Street 5, Media Town Block C, Islamabad",Customs Officer
REG-2026-1209,Huzaifa Bhatti,Saad Bhatti,Playgroup,Male,500,+92 317 5777768,61101-0043777-9,Areeba Bhatti,+92 325 3777790,2025-01-16,2025-01,2023-05-13,61101-0661573-5,"House 82, Street 10, PWD Housing Society, Islamabad",Aviation Engineer
REG-2026-1210,Amna Ansari,Sameer Ansari,Nursery,Female,500,+92 317 6543200,61101-0044210-0,Mehak Ansari,+92 325 4321000,2026-04-21,2026-04,2021-06-14,61101-0664715-0,"House 14, Street 22, Sector F-7/2, Islamabad",Civil Engineer
REG-2026-1211,Huzaifa Akhtar,Faizan Akhtar,Prep,Male,500,+92 317 7308632,61101-0044642-1,Fatima Akhtar,+92 325 4864210,2024-07-01,2024-07,2021-07-15,61101-0667856-5,"House 88, Street 4, Sector G-9/1, Islamabad",Software Engineer
REG-2026-1212,Nimra Zafar,Zayd Zafar,Class 1,Female,500,+92 317 8074064,61101-0045074-2,Laiba Zafar,+92 325 5407420,2025-10-06,2025-10,2019-08-16,61101-0670998-0,"House 204, Street 11, Sector F-10/3, Islamabad",Bank Manager
REG-2026-1213,Huzaifa Qureshi,Daniyal Qureshi,Class 2,Male,500,+92 317 8839496,61101-0045506-3,Zunaira Qureshi,+92 325 5950630,2026-01-11,2026-01,2019-09-17,61101-0674139-5,"House 45, Street 18, Sector G-11/2, Islamabad",Businessman
REG-2026-1214,Talha Mirza,Ahsan Mirza,Class 3,Male,500,+92 317 9604928,61101-0045938-4,Nimra Mirza,+92 325 6493840,2024-04-16,2024-04,2017-10-18,61101-0677281-0,"House 12-A, Street 5, Sector I-8/4, Islamabad",Govt Officer (BPS-17)
REG-2026-1215,Huzaifa Farooq,Muhammad Farooq,Class 4,Male,500,+92 318 0370360,61101-0046370-5,Minahil Farooq,+92 325 7037050,2025-07-21,2025-07,2017-11-19,61101-0680422-5,"House 310, Street 9, Sector E-11/2, Islamabad",Govt Officer (BPS-18)
REG-2026-1216,Talha Dar,Ibrahim Dar,Class 5,Male,500,+92 318 1135792,61101-0046802-6,Sadia Dar,+92 325 7580260,2026-10-01,2026-10,2015-12-20,61101-0683564-0,"House 78, Street 15, Sector G-10/4, Islamabad",Medical Doctor
REG-2026-1217,Huzaifa Malik,Waleed Malik,Class 6,Male,500,+92 318 1901224,61101-0047234-7,Tayyaba Malik,+92 325 8123470,2024-01-06,2024-01,2015-01-21,61101-0686705-5,"House 19, Street 3, Sector F-8/1, Islamabad",Chartered Accountant
REG-2026-1218,Bushra Butt,Huzaifa Butt,Class 7,Female,500,+92 318 2666656,61101-0047666-8,Manahil Butt,+92 325 8666680,2025-04-11,2025-04,2013-02-22,61101-0689847-0,"House 55, Street 27, Sector G-13/3, Islamabad",Advocate High Court
REG-2026-1219,Huzaifa Tariq,Bilal Tariq,Class 8,Male,500,+92 318 3432088,61101-0048098-9,Sana Tariq,+92 325 9209890,2026-07-16,2026-07,2013-03-23,61101-0692988-5,"House 102, Street 7, Sector F-11/1, Islamabad",Professor
REG-2026-1220,Talha Nawaz,Zubair Nawaz,Class 9 (Science),Male,500,+92 318 4197520,61101-0048531-0,Malaika Nawaz,+92 325 9753100,2024-10-21,2024-10,2011-04-24,61101-0696130-0,"House 67, Street 31, Sector H-13, Islamabad",Police Inspector
REG-2026-1221,Haris Gondal,Ayaan Gondal,Class 10 (Science),Male,1000,+92 310 0765432,61101-0001432-1,Alishba Gondal,+92 320 0543210,2025-01-01,2025-01,2011-05-25,61101-0699271-5,"House 88, Street 4, Sector G-9/1, Islamabad",Software Engineer
REG-2026-1222,Hoorain Iqbal,Zain Iqbal,Playgroup,Female,1000,+92 310 1530864,61101-0001864-2,Kinza Iqbal,+92 320 1086420,2026-04-06,2026-04,2022-06-26,61101-0702413-0,"House 204, Street 11, Sector F-10/3, Islamabad",Bank Manager
REG-2026-1223,Haris Mughal,Hashir Mughal,Nursery,Male,1000,+92 310 2296296,61101-0002296-3,Hafsa Mughal,+92 320 1629630,2024-07-11,2024-07,2022-07-27,61101-0705554-5,"House 45, Street 18, Sector G-11/2, Islamabad",Businessman
REG-2026-1224,Sara Chaudhry,Hussain Chaudhry,Prep,Female,1000,+92 310 3061728,61101-0002728-4,Rameen Chaudhry,+92 320 2172840,2025-10-16,2025-10,2020-08-28,61101-0708696-0,"House 12-A, Street 5, Sector I-8/4, Islamabad",Govt Officer (BPS-17)
REG-2026-1225,Haris Abbasi,Shahzaib Abbasi,Class 1,Male,1000,+92 310 3827160,61101-0003160-5,Muntaha Abbasi,+92 320 2716050,2026-01-21,2026-01,2020-09-01,61101-0711837-5,"House 310, Street 9, Sector E-11/2, Islamabad",Govt Officer (BPS-18)
REG-2026-1226,Hamza Jutt,Moiz Jutt,Class 2,Male,1000,+92 310 4592592,61101-0003592-6,Noor Jutt,+92 320 3259260,2024-04-01,2024-04,2018-10-02,61101-0714979-0,"House 78, Street 15, Sector G-10/4, Islamabad",Medical Doctor
REG-2026-1227,Haris Javed,Ali Javed,Class 3,Male,1000,+92 310 5358024,61101-0004024-7,Hiba Javed,+92 320 3802470,2025-07-06,2025-07,2018-11-03,61101-0718120-5,"House 19, Street 3, Sector F-8/1, Islamabad",Chartered Accountant
REG-2026-1228,Kinza Kazmi,Talha Kazmi,Class 4,Female,1000,+92 310 6123456,61101-0004456-8,Amna Kazmi,+92 320 4345680,2026-10-11,2026-10,2016-12-04,61101-0721262-0,"House 55, Street 27, Sector G-13/3, Islamabad",Advocate High Court
REG-2026-1229,Haris Bhatti,Taha Bhatti,Class 5,Male,1000,+92 310 6888888,61101-0004888-9,Khadija Bhatti,+92 320 4888890,2024-01-16,2024-01,2016-01-05,61101-0724403-5,"House 102, Street 7, Sector F-11/1, Islamabad",Professor
REG-2026-1230,Ayesha Ansari,Saim Ansari,Class 6,Female,1000,+92 310 7654320,61101-0005321-0,Sara Ansari,+92 320 5432100,2025-04-21,2025-04,2014-02-06,61101-0727545-0,"House 67, Street 31, Sector H-13, Islamabad",Police Inspector
REG-2026-1231,Haris Akhtar,Umar Akhtar,Class 7,Male,1000,+92 310 8419752,61101-0005753-1,Ayla Akhtar,+92 320 5975310,2026-07-01,2026-07,2014-03-07,61101-0730686-5,"House 90, Street 12, Bahria Town Phase 4, Rawalpindi",Merchant Navy Officer
REG-2026-1232,Hamza Zafar,Rayyan Zafar,Class 8,Male,1000,+92 310 9185184,61101-0006185-2,Maryam Zafar,+92 320 6518520,2024-10-06,2024-10,2012-04-08,61101-0733828-0,"House 214, Street 6, Bahria Town Phase 7, Rawalpindi",Pharmacist
REG-2026-1233,Haris Qureshi,Affan Qureshi,Class 9 (Science),Male,1000,+92 310 9950616,61101-0006617-3,Maham Qureshi,+92 320 7061730,2025-01-11,2025-01,2012-05-09,61101-0736969-5,"House 34, Street 19, DHA Phase 2, Islamabad",Contractor
REG-2026-1234,Sara Mirza,Ammar Mirza,Class 10 (Science),Female,1000,+92 311 0716048,61101-0007049-4,Warda Mirza,+92 320 7604940,2026-04-16,2026-04,2010-06-10,61101-0740111-0,"House 512, Street 8, Chaklala Scheme 3, Rawalpindi",School Principal
REG-2026-1235,Haris Farooq,Abdullah Farooq,Playgroup,Male,1000,+92 311 1481480,61101-0007481-5,Zainab Farooq,+92 320 8148150,2024-07-21,2024-07,2023-07-11,61101-0743252-5,"House 73, Street 14, Westridge 1, Rawalpindi",Textile Merchant
REG-2026-1236,Hamza Dar,Rohail Dar,Nursery,Male,1000,+92 311 2246912,61101-0007913-6,Dua Dar,+92 320 8691360,2025-10-01,2025-10,2021-08-12,61101-0746394-0,"House 115, Street 2, Satellite Town Block B, Rawalpindi",Real Estate Consultant
REG-2026-1237,Haris Malik,Subhan Malik,Prep,Male,1000,+92 311 3012344,61101-0008345-7,Bisma Malik,+92 320 9234570,2026-01-06,2026-01,2021-09-13,61101-0749535-5,"House 29, Street 16, Gulraiz Housing Scheme, Rawalpindi",Senior Architect
REG-2026-1238,Hamza Butt,Hamza Butt,Class 1,Male,1000,+92 311 3777776,61101-0008777-8,Ayesha Butt,+92 320 9777780,2024-04-11,2024-04,2019-10-14,61101-0752677-0,"House 401, Street 5, Media Town Block C, Islamabad",Customs Officer
REG-2026-1239,Haris Tariq,Saad Tariq,Class 2,Male,1000,+92 311 4543208,61101-0009209-9,Areeba Tariq,+92 321 0320990,2025-07-16,2025-07,2019-11-15,61101-0755818-5,"House 82, Street 10, PWD Housing Society, Islamabad",Aviation Engineer
REG-2026-1240,Ayesha Nawaz,Sameer Nawaz,Class 3,Female,1000,+92 311 5308640,61101-0009642-0,Mehak Nawaz,+92 321 0864200,2026-10-21,2026-10,2017-12-16,61101-0758960-0,"House 14, Street 22, Sector F-7/2, Islamabad",Civil Engineer
REG-2026-1241,Haris Khan,Faizan Khan,Class 4,Male,1000,+92 311 6074072,61101-0010074-1,Fatima Khan,+92 321 1407410,2024-01-01,2024-01,2017-01-17,61101-0762101-5,"House 88, Street 4, Sector G-9/1, Islamabad",Software Engineer
REG-2026-1242,Hoorain Siddiqui,Zayd Siddiqui,Class 5,Female,1000,+92 311 6839504,61101-0010506-2,Laiba Siddiqui,+92 321 1950620,2025-04-06,2025-04,2015-02-18,61101-0765243-0,"House 204, Street 11, Sector F-10/3, Islamabad",Bank Manager
REG-2026-1243,Haris Syed,Daniyal Syed,Class 6,Male,1000,+92 311 7604936,61101-0010938-3,Zunaira Syed,+92 321 2493830,2026-07-11,2026-07,2015-03-19,61101-0768384-5,"House 45, Street 18, Sector G-11/2, Islamabad",Businessman
REG-2026-1244,Hamza Rasheed,Ahsan Rasheed,Class 7,Male,1000,+92 311 8370368,61101-0011370-4,Nimra Rasheed,+92 321 3037040,2024-10-16,2024-10,2013-04-20,61101-0771526-0,"House 12-A, Street 5, Sector I-8/4, Islamabad",Govt Officer (BPS-17)
REG-2026-1245,Haris Gillani,Muhammad Gillani,Class 8,Male,1000,+92 311 9135800,61101-0011802-5,Minahil Gillani,+92 321 3580250,2025-01-21,2025-01,2013-05-21,61101-0774667-5,"House 310, Street 9, Sector E-11/2, Islamabad",Govt Officer (BPS-18)
REG-2026-1246,Hamza Raja,Ibrahim Raja,Class 9 (Science),Male,1000,+92 311 9901232,61101-0012234-6,Sadia Raja,+92 321 4123460,2026-04-01,2026-04,2011-06-22,61101-0777809-0,"House 78, Street 15, Sector G-10/4, Islamabad",Medical Doctor
REG-2026-1247,Haris Hashmi,Waleed Hashmi,Class 10 (Science),Male,1000,+92 312 0666664,61101-0012666-7,Tayyaba Hashmi,+92 321 4666670,2024-07-06,2024-07,2011-07-23,61101-0780950-5,"House 19, Street 3, Sector F-8/1, Islamabad",Chartered Accountant
REG-2026-1248,Kinza Rehman,Huzaifa Rehman,Playgroup,Female,1000,+92 312 1432096,61101-0013098-8,Manahil Rehman,+92 321 5209880,2025-10-11,2025-10,2022-08-24,61101-0784092-0,"House 55, Street 27, Sector G-13/3, Islamabad",Advocate High Court
REG-2026-1249,Haris Baig,Bilal Baig,Nursery,Male,1000,+92 312 2197528,61101-0013530-9,Sana Baig,+92 321 5753090,2026-01-16,2026-01,2022-09-25,61101-0787233-5,"House 102, Street 7, Sector F-11/1, Islamabad",Professor
REG-2026-1250,Hamza Sheikh,Zubair Sheikh,Prep,Male,1000,+92 312 2962960,61101-0013963-0,Malaika Sheikh,+92 321 6296300,2024-04-21,2024-04,2020-10-26,61101-0790375-0,"House 67, Street 31, Sector H-13, Islamabad",Police Inspector